{
  "norm_stats": {
    "bridge_robot": {
      "mean": [
        0.0002240339817944914,
        0.00012387082097120583,
        -0.00012671052536461502,
        -0.00014415523037314415,
        -0.0003906393831130117,
        0.0002359383215662092,
        0.5751574635505676
      ],
      "std": [
        0.009768819436430931,
        0.013689304701983929,
        0.012675105594098568,
        0.02845657430589199,
        0.030523546040058136,
        0.07737080007791519,
        0.49150094389915466
      ],
      "q01": [
        -0.02887803485105428,
        -0.04178320091122349,
        -0.026113155505000457,
        -0.08117201867235568,
        -0.09309056401752747,
        -0.20914677715629448,
        -1e-10
      ],
      "q99": [
        0.02819482065335177,
        0.04079562563528227,
        0.04015785568112329,
        0.08070396399877966,
        0.07745134926258301,
        0.2025440130266567,
        0.99980000009996
      ]
    }
  }
}