{
  "norm_stats": {
    "libero": {
      "mean": [
        0.06281813979148865,
        0.08703719079494476,
        -0.09047092497348785,
        0.0005356483743526042,
        0.00564552890136838,
        -0.005220131482928991,
        -0.049299102276563644
      ],
      "std": [
        0.3356652557849884,
        0.3784268796443939,
        0.4449617266654968,
        0.039249271154403687,
        0.0634298175573349,
        0.07788218557834625,
        0.998784065246582
      ],
      "q01": [
        -0.7046250000751599,
        -0.80100000008544,
        -0.9375000001,
        -0.11467779149968735,
        -0.16395000004372,
        -0.22286100582027918,
        -1.0000000001
      ],
      "q99": [
        0.93712500009996,
        0.86775000009256,
        0.93712500009996,
        0.13175314309916836,
        0.19275000005139997,
        0.3353504997073735,
        0.9996000000999599
      ]
    }
  }
}